Modelo,Accuracy,Precision,Recall,F1,ROC-AUC,PR-AUC
Regresión Logística Benchmark,0.6864726997921784,0.012243878060969516,0.6218274111675127,0.02401489903940404,0.7169472154237776,0.019708485453149616
XGBoost Final,0.9540903079539014,0.025225903614457833,0.1700507614213198,0.043934426229508196,0.6917636091706705,0.017153744886148382
